seed,policy,profile,targets,cleared,all_cleared,virtual_time_s,move_distance_m,detect_count,switch_count,decision_steps
3000,fixed,uniform,15,15,True,9061.631943332353,40283.15971666172,170,80,0
3000,active,uniform,15,15,True,9265.09906103269,40975.49530516339,182,85,147
3001,fixed,uniform,12,12,True,8222.419968224827,36427.0998411241,158,87,0
3001,active,uniform,12,12,True,7943.028924251082,34840.144621255386,165,90,126
3002,fixed,uniform,11,11,True,6938.048176909143,30420.24088454571,143,84,0
3002,active,uniform,11,11,True,6992.331502725138,30526.657513625694,148,92,111
3003,fixed,uniform,14,14,True,8123.4878152030415,35727.439076015165,165,83,0
3003,active,uniform,14,14,True,8052.967688409912,35054.83844204952,176,92,140
3004,fixed,uniform,13,13,True,7918.804194179504,34839.020970897494,159,91,0
3004,active,uniform,13,13,True,7717.025898782306,33635.12949391151,166,95,123
3005,fixed,uniform,15,15,True,8965.81466813322,40049.07334066607,162,71,0
3005,active,uniform,15,15,True,8576.736346207037,37808.68173103513,172,80,143
3006,fixed,uniform,15,15,True,9380.566826448148,42137.83413224069,161,73,0
3006,active,uniform,15,15,True,9341.810416724466,41719.05208362228,168,83,137
3007,fixed,uniform,15,15,True,9129.148745278171,41065.743726390836,155,66,0
3007,active,uniform,15,15,True,8560.51105193452,37937.55525967259,165,73,139
3008,fixed,uniform,12,12,True,7659.367445129574,33426.83722564785,164,94,0
3008,active,uniform,12,12,True,7711.367445129573,33426.837225647854,173,101,129
3009,fixed,uniform,13,13,True,7476.747910450439,32603.739552252173,161,86,0
3009,active,uniform,13,13,True,7503.718225152515,32523.591125762556,168,94,130
3010,fixed,uniform,15,15,True,9446.830158426175,42944.15079213084,145,58,0
3010,active,uniform,15,15,True,8851.669068260082,39638.345341300395,157,64,136
3011,fixed,uniform,11,11,True,7097.528252001962,30762.64126000978,159,95,0
3011,active,uniform,11,11,True,7525.484546920095,32777.422734600455,163,100,118
3012,fixed,uniform,12,12,True,7612.194698955125,33365.97349477561,157,94,0
3012,active,uniform,12,12,True,7727.243291781241,33876.21645890619,159,97,116
3013,fixed,uniform,15,15,True,9278.288568105108,42031.442840525495,147,62,0
3013,active,uniform,15,15,True,8995.091743275352,40290.458716376736,158,72,136
3014,fixed,uniform,10,10,True,6990.650435979319,30538.252179896586,148,93,0
3014,active,uniform,10,10,True,6654.171479807934,28725.857399039654,152,99,109
3015,fixed,uniform,15,15,True,8960.001564581504,39820.007822907464,168,81,0
3015,active,uniform,15,15,True,8962.906292794112,39639.53146397051,175,85,139
3016,fixed,uniform,15,15,True,8820.28565500162,39741.42827500807,146,67,0
3016,active,uniform,15,15,True,8171.672633868588,36308.36316934291,152,75,125
3017,fixed,uniform,15,15,True,9688.623460908686,44003.1173045434,150,63,0
3017,active,uniform,15,15,True,9406.317828155958,42331.58914077976,159,70,135
3018,fixed,uniform,13,13,True,8199.686403079457,36488.43201539726,152,77,0
3018,active,uniform,13,13,True,7424.9910259694925,32489.95512984745,155,87,122
3019,fixed,uniform,12,12,True,7814.221352114091,34106.10676057043,167,98,0
3019,active,uniform,12,12,True,7812.618366908549,33818.09183454273,177,104,131
3020,fixed,uniform,13,13,True,7724.7440038383975,33898.72001919197,159,85,0
3020,active,uniform,13,13,True,7713.532669938197,33692.66334969096,163,95,124
3021,fixed,uniform,14,14,True,8911.762654685495,39593.81327342743,168,83,0
3021,active,uniform,14,14,True,8761.436739653174,38482.18369826582,181,90,145
3022,fixed,uniform,13,13,True,8703.011715860815,38810.058579304045,159,81,0
3022,active,uniform,13,13,True,8741.716672315704,38753.58336157848,168,86,134
3023,fixed,uniform,14,14,True,8383.455076162898,37272.27538081447,156,79,0
3023,active,uniform,14,14,True,8432.311685921286,37266.558429606404,164,89,131
3024,fixed,uniform,11,11,True,6725.133447377636,28825.667236888155,162,95,0
3024,active,uniform,11,11,True,6472.709530758694,27333.547653793452,170,101,125
3025,fixed,uniform,10,10,True,6711.20810165647,29141.04050828235,148,93,0
3025,active,uniform,10,10,True,6323.497930195593,27047.489650977957,153,99,109
3026,fixed,uniform,14,14,True,8683.24458822917,38906.222941145825,152,72,0
3026,active,uniform,14,14,True,8464.377518138474,37576.88759069233,160,79,131
3027,fixed,uniform,11,11,True,6822.462254449184,29377.311272245905,158,102,0
3027,active,uniform,11,11,True,7206.453621129442,31152.26810564718,163,106,113
3028,fixed,uniform,15,15,True,9144.01604292273,41310.08021461363,149,62,0
3028,active,uniform,15,15,True,8728.261542926683,39021.307714633396,156,69,134
3029,fixed,uniform,14,14,True,8235.215267729796,36471.07633864894,159,76,0
3029,active,uniform,14,14,True,8196.52500697225,35962.62503486122,170,84,138
3030,fixed,uniform,11,11,True,7386.189778252637,32605.948891263168,146,80,0
3030,active,uniform,11,11,True,7274.092880070914,31870.464400354558,151,90,117
3031,fixed,uniform,15,15,True,8784.065628654585,39515.32814327291,148,66,0
3031,active,uniform,15,15,True,8061.9850382796885,35699.92519139842,155,72,129
3032,fixed,uniform,11,11,True,7149.685267834472,31008.42633917233,159,98,0
3032,active,uniform,11,11,True,7154.8650433808925,30824.325216904435,166,105,119
3033,fixed,uniform,16,16,True,10065.20765464106,45446.03827320526,165,71,0
3033,active,uniform,16,16,True,8856.004864086774,39315.024320433804,168,73,140
3034,fixed,uniform,14,14,True,8845.224171509906,39781.12085754949,149,74,0
3034,active,uniform,14,14,True,8092.878451718144,35884.39225859069,153,81,124
3035,fixed,uniform,14,14,True,8857.036472570724,39780.18236285358,152,71,0
3035,active,uniform,14,14,True,8902.036472570724,39780.18236285358,160,76,132
3036,fixed,uniform,15,15,True,8806.056013575331,39255.28006787663,161,75,0
3036,active,uniform,15,15,True,8745.415471561386,38787.077357806906,166,83,134
3037,fixed,uniform,15,15,True,9713.096086192594,44020.48043096294,153,69,0
3037,active,uniform,15,15,True,9190.720799031968,41098.603995159814,164,76,138
3038,fixed,uniform,11,11,True,7384.307549288675,32041.53774644335,164,101,0
3038,active,uniform,11,11,True,7414.307549288675,32041.53774644335,169,106,119
3039,fixed,uniform,10,10,True,6947.781585080966,30328.90792540482,148,92,0
3039,active,uniform,10,10,True,6812.653802807742,29478.269014038706,154,97,112
3040,fixed,uniform,14,14,True,8848.155703573075,39710.778517865336,153,71,0
3040,active,uniform,14,14,True,8462.830737877577,37564.15368938786,160,80,132
3041,fixed,uniform,10,10,True,7127.243118347025,31201.21559173512,149,92,0
3041,active,uniform,10,10,True,6878.74492021516,29803.724601075803,154,98,111
3042,fixed,uniform,13,13,True,7781.132674754603,34115.66337377298,162,83,0
3042,active,uniform,13,13,True,7826.900173869234,34114.50086934614,171,84,136
3043,fixed,uniform,14,14,True,9538.31761167241,43036.588058362,157,76,0
3043,active,uniform,14,14,True,8857.074429673108,39390.3721483655,165,84,133
3044,fixed,uniform,13,13,True,8276.394401316573,36741.97200658283,156,83,0
3044,active,uniform,13,13,True,8228.020459324558,36345.102296622776,161,89,124
3045,fixed,uniform,12,12,True,8134.31949703638,36096.59748518187,154,85,0
3045,active,uniform,12,12,True,8107.91157382733,35724.557869136625,162,93,125
3046,fixed,uniform,10,10,True,7111.552263840032,31107.761319200144,150,90,0
3046,active,uniform,10,10,True,7158.552263840032,31107.761319200144,158,97,117
3047,fixed,uniform,12,12,True,7920.6091803006275,34928.045901503116,157,90,0
3047,active,uniform,12,12,True,7586.32118694019,33021.605934700936,165,97,124
3048,fixed,uniform,11,11,True,7154.932344446891,31409.66172223444,146,88,0
3048,active,uniform,11,11,True,6865.896218447526,29844.481092237613,150,92,110
3049,fixed,uniform,13,13,True,7731.614864370743,33878.07432185368,161,86,0
3049,active,uniform,13,13,True,8073.980172583396,35434.90086291695,166,92,127
3050,fixed,uniform,14,14,True,8705.710551673394,38953.55275836691,154,75,0
3050,active,uniform,14,14,True,8329.157492244953,36815.78746122473,163,81,133
3051,fixed,uniform,16,16,True,9163.458424797227,41292.29212398607,153,60,0
3051,active,uniform,16,16,True,8007.496909137686,35587.48454568838,151,55,129
3052,fixed,uniform,10,10,True,6863.174422474736,29530.87211237365,161,102,0
3052,active,uniform,10,10,True,6542.509546505499,27752.547732527473,167,107,117
3053,fixed,uniform,13,13,True,8726.66951228087,38748.34756140431,165,87,0
3053,active,uniform,13,13,True,8200.042457925148,35755.2122896257,177,99,137
3054,fixed,uniform,10,10,True,7011.788038601362,30448.940193006794,155,97,0
3054,active,uniform,10,10,True,6662.839688254072,28549.19844127035,160,103,113
3055,fixed,uniform,14,14,True,9012.706827074262,40483.53413537129,154,76,0
3055,active,uniform,14,14,True,8409.92276196698,37324.613809834875,158,85,126
3056,fixed,uniform,12,12,True,7699.673538463216,33788.36769231605,158,92,0
3056,active,uniform,12,12,True,8061.082639460976,35400.413197304864,165,96,123
3057,fixed,uniform,14,14,True,8845.26759093418,39781.33795467087,149,74,0
3057,active,uniform,14,14,True,8416.21287834748,37451.06439173737,155,81,125
3058,fixed,uniform,14,14,True,8711.256059649022,39206.28029824509,147,65,0
3058,active,uniform,14,14,True,8254.941963066287,36744.70981533141,153,71,129
3059,fixed,uniform,10,10,True,6855.920529284828,29844.602646424133,149,92,0
3059,active,uniform,10,10,True,6824.656104377639,29498.280521888184,155,100,113
3060,fixed,uniform,11,11,True,7594.030899129917,33285.15449564957,157,97,0
3060,active,uniform,11,11,True,7348.717512126116,31948.587560630564,160,104,113
3061,fixed,uniform,11,11,True,7249.7204701090695,31723.602350545345,152,90,0
3061,active,uniform,11,11,True,7255.65945428037,31558.29727140184,159,94,118
3062,fixed,uniform,16,16,True,9077.787309946088,40708.936549730395,158,66,0
3062,active,uniform,16,16,True,8943.085408207327,39845.427041036586,164,74,138
3063,fixed,uniform,12,12,True,7919.012371414389,35125.06185707193,151,79,0
3063,active,uniform,12,12,True,8104.429670290387,35792.14835145191,160,86,127
3064,fixed,uniform,14,14,True,8472.06966255049,37740.3483127524,156,74,0
3064,active,uniform,14,14,True,8240.253324319865,36301.2666215993,166,80,137
3065,fixed,uniform,14,14,True,8979.338875393427,40341.69437696709,154,71,0
3065,active,uniform,14,14,True,8584.887361731571,38159.43680865782,160,83,132
3066,fixed,uniform,11,11,True,7659.06675897242,33660.333794862076,156,92,0
3066,active,uniform,11,11,True,7697.066758972418,33660.333794862076,163,95,120
3067,fixed,uniform,11,11,True,7523.327731136509,33051.63865568252,154,88,0
3067,active,uniform,11,11,True,7808.298128840195,34301.49064420095,160,93,120
3068,fixed,uniform,12,12,True,8324.039435291654,36895.19717645825,159,90,0
3068,active,uniform,12,12,True,8164.613665536733,35923.068327683635,165,95,123
3069,fixed,uniform,11,11,True,7081.341078360784,31291.705391803916,138,78,0
3069,active,uniform,11,11,True,6495.59780445322,28222.98902226611,142,86,108
3070,fixed,uniform,14,14,True,8860.71268020256,39778.56340101276,152,75,0
3070,active,uniform,14,14,True,8446.041236790763,37525.20618395379,158,81,127
3071,fixed,uniform,10,10,True,7394.770854521286,32368.85427260641,155,96,0
3071,active,uniform,10,10,True,7112.636956773779,30773.184783868877,161,103,115
3072,fixed,uniform,11,11,True,7791.062020981037,34245.31010490516,158,97,0
3072,active,uniform,11,11,True,7542.509998594102,32852.5499929705,163,102,117
3073,fixed,uniform,11,11,True,8006.825561461468,35724.12780730733,145,82,0
3073,active,uniform,11,11,True,7593.305285425317,33421.52642712658,153,89,118
3074,fixed,uniform,12,12,True,7804.962610578105,34539.8130528905,151,82,0
3074,active,uniform,12,12,True,7163.95423529061,31109.771176453036,158,92,123
3075,fixed,uniform,14,14,True,8529.791724389086,38158.9586219454,152,68,0
3075,active,uniform,14,14,True,8132.877678437211,35959.38839218604,159,76,134
3076,fixed,uniform,14,14,True,7764.473561432753,34492.36780716374,145,71,0
3076,active,uniform,14,14,True,7933.461570072452,35122.30785036224,153,74,124
3077,fixed,uniform,12,12,True,7298.375182584556,31596.87591292275,164,99,0
3077,active,uniform,12,12,True,7096.748463005881,30383.74231502937,171,105,123
3078,fixed,uniform,10,10,True,6412.4359991976235,27282.179995988114,161,101,0
3078,active,uniform,10,10,True,6449.316651169473,27281.583255847356,167,108,118
3079,fixed,uniform,14,14,True,9046.616538984505,40693.08269492251,153,73,0
3079,active,uniform,14,14,True,8298.827087946242,36714.13543973119,161,81,131
3080,fixed,uniform,13,13,True,7916.855608379832,34999.27804189914,154,82,0
3080,active,uniform,13,13,True,7698.536542671031,33727.68271335514,160,88,125
3081,fixed,uniform,10,10,True,7206.293210320624,31571.46605160311,150,92,0
3081,active,uniform,10,10,True,6881.291768108684,29796.458840543408,155,97,113
3082,fixed,uniform,16,16,True,9305.2064763944,41806.03238197195,160,64,0
3082,active,uniform,16,16,True,8530.967347805963,37729.83673902977,167,70,143
3083,fixed,uniform,16,16,True,8818.970756058985,38849.85378029487,177,84,0
3083,active,uniform,16,16,True,8728.664105809014,38128.320529045006,187,88,149
3084,fixed,uniform,14,14,True,8871.633056716522,39473.165283582566,165,82,0
3084,active,uniform,14,14,True,8551.869904629355,37579.34952314673,175,91,139
3085,fixed,uniform,10,10,True,6893.598790109121,29652.993950545588,162,103,0
3085,active,uniform,10,10,True,6928.86482573828,29594.32412869138,170,110,119
3086,fixed,uniform,11,11,True,7272.883799782583,31739.418998912894,155,95,0
3086,active,uniform,11,11,True,7302.883799782583,31739.41899891289,160,100,115
3087,fixed,uniform,14,14,True,8511.593051775671,38112.96525887832,150,69,0
3087,active,uniform,14,14,True,8136.551309765928,35937.7565488296,160,79,133
3088,fixed,uniform,13,13,True,7844.341064084028,34481.70532042012,160,83,0
3088,active,uniform,13,13,True,7847.0909886376485,34235.454943188226,169,90,133
3089,fixed,uniform,11,11,True,7757.656264221208,34223.28132110603,154,88,0
3089,active,uniform,11,11,True,7709.076075734066,33745.380378670314,162,95,123
3090,fixed,uniform,13,13,True,7991.7810613100155,35363.90530655005,155,79,0
3090,active,uniform,13,13,True,7542.164475058403,32885.822375291995,162,90,128
3091,fixed,uniform,11,11,True,7308.537492805624,31597.687464028106,166,104,0
3091,active,uniform,11,11,True,7341.138752818659,31555.69376409328,173,110,121
3092,fixed,uniform,10,10,True,6886.862282487954,29509.311412439754,165,110,0
3092,active,uniform,10,10,True,6878.5885011184155,29307.94250559206,170,117,113
3093,fixed,uniform,14,14,True,8772.485010690589,39402.42505345292,150,72,0
3093,active,uniform,14,14,True,8584.125931844823,38270.629659224076,156,80,128
3094,fixed,uniform,14,14,True,8238.075006200432,36595.37503100212,155,74,0
3094,active,uniform,14,14,True,8277.63025914781,36543.15129573902,164,79,133
3095,fixed,uniform,12,12,True,7729.848110762243,34104.24055381119,152,89,0
3095,active,uniform,12,12,True,7751.81778885547,34044.088944277326,158,93,118
3096,fixed,uniform,16,16,True,9434.067486821947,42540.33743410969,155,71,0
3096,active,uniform,16,16,True,9323.983642219597,41854.91821109795,159,78,131
3097,fixed,uniform,15,15,True,8755.57420122497,39027.87100612481,160,75,0
3097,active,uniform,15,15,True,8813.808009018127,39029.04004509059,171,78,140
3098,fixed,uniform,14,14,True,8577.897452904082,38144.487264520365,160,79,0
3098,active,uniform,14,14,True,7920.950605046986,34529.7530252349,171,90,137
3099,fixed,uniform,10,10,True,7108.682422058012,31113.41211029005,149,91,0
3099,active,uniform,10,10,True,7186.737369147838,31323.686845739183,155,97,112
3000,fixed,edge,15,15,True,8463.42211021074,37012.110551053665,179,91,0
3000,active,edge,15,15,True,8963.264815036999,39301.32407518495,186,98,142
3001,fixed,edge,12,12,True,8309.033239698128,36510.166198490595,170,97,0
3001,active,edge,12,12,True,8358.033239698128,36510.166198490595,179,101,133
3002,fixed,edge,11,11,True,7311.071760871478,31180.358804357365,181,115,0
3002,active,edge,11,11,True,7506.922719578168,31954.613597890813,188,121,128
3003,fixed,edge,14,14,True,8025.273807845415,34776.36903922704,180,100,0
3003,active,edge,14,14,True,7712.644691535245,32913.22345767619,190,110,142
3004,fixed,edge,13,13,True,7961.8075250169495,34084.0376250847,193,115,0
3004,active,edge,13,13,True,7955.521273133235,33797.60636566612,202,121,142
3005,fixed,edge,15,15,True,8759.949484080102,38124.74742040047,191,105,0
3005,active,edge,15,15,True,8412.84615182164,36049.23075910816,203,113,151
3006,fixed,edge,15,15,True,9672.743885770902,43093.71942885447,178,89,0
3006,active,edge,15,15,True,8534.777960416397,37098.88980208194,188,100,147
3007,fixed,edge,15,15,True,8641.146997115888,37675.7349855794,186,101,0
3007,active,edge,15,15,True,7835.782387027161,33443.91193513577,192,112,141
3008,fixed,edge,12,12,True,7588.15656571362,32725.782828568063,176,103,0
3008,active,edge,12,12,True,7457.22039145442,31816.101957272065,185,109,134
3009,fixed,edge,13,13,True,7899.403830884757,33947.01915442374,187,110,0
3009,active,edge,13,13,True,7870.8714431481985,33539.35721574095,196,118,140
3010,fixed,edge,15,15,True,8696.868337359738,38064.34168679864,183,94,0
3010,active,edge,15,15,True,7729.31907414303,32991.59537071512,191,101,145
3011,fixed,edge,11,11,True,7114.542224637518,30667.711123187575,165,101,0
3011,active,edge,11,11,True,7226.862789711995,31024.313948559953,172,107,122
3012,fixed,edge,12,12,True,7625.353994362044,32981.769971810194,173,104,0
3012,active,edge,12,12,True,7407.622543899196,31798.11271949597,176,108,125
3013,fixed,edge,15,15,True,8666.894189117886,38394.4709455894,166,83,0
3013,active,edge,15,15,True,8598.897796259433,37939.48898129714,169,91,131
3014,fixed,edge,10,10,True,6889.295575338777,29416.477876693865,168,116,0
3014,active,edge,10,10,True,6561.39405844939,27646.970292246933,172,122,110
3015,fixed,edge,15,15,True,8866.217808034467,38851.0890401723,185,96,0
3015,active,edge,15,15,True,8986.409417533017,39167.04708766505,195,103,149
3016,fixed,edge,15,15,True,9020.687829350529,39688.4391467526,183,93,0
3016,active,edge,15,15,True,8973.341538118299,39126.70769059145,194,103,150
3017,fixed,edge,15,15,True,9073.086145439343,40025.43072719667,180,93,0
3017,active,edge,15,15,True,8788.490903543825,38292.454517719074,190,105,146
3018,fixed,edge,13,13,True,7558.83780753385,32629.189037669214,173,103,0
3018,active,edge,13,13,True,7987.773101563107,34633.86550781549,177,111,127
3019,fixed,edge,12,12,True,7712.696728515279,33143.48364257637,182,114,0
3019,active,edge,12,12,True,7748.696728515279,33143.48364257637,188,120,128
3020,fixed,edge,13,13,True,7650.49643526003,32827.48217630013,182,110,0
3020,active,edge,13,13,True,7546.136020706344,32075.680103531697,189,121,133
3021,fixed,edge,14,14,True,8394.51336401824,36667.56682009118,178,101,0
3021,active,edge,14,14,True,8330.436161988728,36107.18080994362,186,109,136
3022,fixed,edge,13,13,True,8147.680600075473,35703.40300037732,169,97,0
3022,active,edge,13,13,True,7797.095486399896,33725.47743199945,177,102,130
3023,fixed,edge,14,14,True,8350.938994568474,36309.69497284233,183,104,0
3023,active,edge,14,14,True,8557.947693578855,37099.73846789423,191,113,139
3024,fixed,edge,11,11,True,6588.670564847341,27783.35282423669,173,112,0
3024,active,edge,11,11,True,7091.694177605905,30098.470888029515,180,117,121
3025,fixed,edge,10,10,True,6507.869404284185,27589.347021420916,166,110,0
3025,active,edge,10,10,True,6223.183378542649,26030.916892713238,170,117,113
3026,fixed,edge,14,14,True,8276.06976913302,36210.348845665074,174,94,0
3026,active,edge,14,14,True,8405.555649679602,36572.778248397975,184,101,139
3027,fixed,edge,11,11,True,7025.775401873067,30008.877009365315,172,109,0
3027,active,edge,11,11,True,6887.626313985666,29118.13156992831,179,114,124
3028,fixed,edge,15,15,True,9022.688994046692,40353.444970233424,160,77,0
3028,active,edge,15,15,True,7624.271594738486,33066.3579736924,169,91,135
3029,fixed,edge,14,14,True,8450.381509687091,37211.90754843544,169,93,0
3029,active,edge,14,14,True,8183.791237426173,35688.95618713084,175,101,132
3030,fixed,edge,11,11,True,7033.621419810674,30238.107099053348,166,101,0
3030,active,edge,11,11,True,7026.620339275638,29998.10169637817,173,107,123
3031,fixed,edge,15,15,True,9460.292914400172,42186.46457200081,172,88,0
3031,active,edge,15,15,True,8808.919681744283,38759.59840872137,177,97,136
3032,fixed,edge,11,11,True,7465.828343326483,32344.141716632384,168,102,0
3032,active,edge,11,11,True,7490.715804725178,32258.579023625858,175,109,125
3033,fixed,edge,16,16,True,9606.110012370349,42545.55006185169,184,97,0
3033,active,edge,16,16,True,9590.072112809501,42295.36056404745,190,101,143
3034,fixed,edge,14,14,True,8228.679318834977,35853.39659417484,178,98,0
3034,active,edge,14,14,True,7678.539845177843,32917.699225889184,184,105,135
3035,fixed,edge,14,14,True,8340.13412235933,36915.67061179663,160,87,0
3035,active,edge,14,14,True,8330.718807841797,36658.59403920895,167,94,128
3036,fixed,edge,15,15,True,9311.89748652865,41159.4874326432,182,95,0
3036,active,edge,15,15,True,8700.915600291226,37824.57800145607,191,106,146
3037,fixed,edge,15,15,True,8706.576247586703,38422.88123793346,171,92,0
3037,active,edge,15,15,True,9212.292582640364,40696.46291320178,180,98,137
3038,fixed,edge,11,11,True,7284.6745663664915,31198.372831832432,176,110,0
3038,active,edge,11,11,True,7323.6745663664915,31198.372831832436,183,114,128
3039,fixed,edge,10,10,True,6521.033851437846,27615.169257189224,167,113,0
3039,active,edge,10,10,True,6525.744827112372,27593.724135561853,168,117,110
3040,fixed,edge,14,14,True,8409.053250530804,36660.26625265398,181,102,0
3040,active,edge,14,14,True,8241.016028022295,35550.08014011144,190,111,140
3041,fixed,edge,10,10,True,6945.751846773546,29723.75923386771,168,111,0
3041,active,edge,10,10,True,6785.042857266848,28715.214286334216,175,117,118
3042,fixed,edge,13,13,True,7517.975365463086,32454.876827315395,173,97,0
3042,active,edge,13,13,True,7439.668833005483,31818.344165027385,182,101,135
3043,fixed,edge,14,14,True,9229.004366686682,40975.02183343337,174,94,0
3043,active,edge,14,14,True,9263.510997980853,40957.55498990421,180,102,137
3044,fixed,edge,13,13,True,8129.830333572723,35589.151667863574,170,97,0
3044,active,edge,13,13,True,8168.95169244069,35584.758462203405,176,107,128
3045,fixed,edge,12,12,True,7969.479140758436,34667.39570379214,174,106,0
3045,active,edge,12,12,True,7764.167968811078,33465.83984405535,179,116,127
3046,fixed,edge,10,10,True,6741.679043449507,28673.395217247522,169,112,0
3046,active,edge,10,10,True,6779.679043449507,28673.39521724752,175,120,117
3047,fixed,edge,12,12,True,7803.061014986704,34060.3050749335,166,101,0
3047,active,edge,12,12,True,7356.200975415815,31716.004877079053,169,108,120
3048,fixed,edge,11,11,True,7101.221404377456,30706.10702188726,162,95,0
3048,active,edge,11,11,True,7142.737706849363,30668.688534246794,171,99,126
3049,fixed,edge,13,13,True,7744.267760948534,33481.33880474262,176,103,0
3049,active,edge,13,13,True,7800.407649943767,33512.03824971879,185,108,133
3050,fixed,edge,14,14,True,8507.84113950123,37329.2056975061,175,97,0
3050,active,edge,14,14,True,8822.336814119546,38746.68407059768,180,103,133
3051,fixed,edge,16,16,True,9726.805832329137,43439.029161645645,175,84,0
3051,active,edge,16,16,True,8844.336078400196,38826.680392000926,182,89,143
3052,fixed,edge,10,10,True,6952.280040201965,29626.4002010098,173,112,0
3052,active,edge,10,10,True,6644.391662311599,27856.958311557984,181,118,124
3053,fixed,edge,13,13,True,8378.41004511589,36192.050225579405,192,115,0
3053,active,edge,13,13,True,7787.900542711828,32949.5027135591,201,128,142
3054,fixed,edge,10,10,True,7000.776825877007,29803.884129385006,175,115,0
3054,active,edge,10,10,True,6750.868290326328,28319.34145163161,183,122,124
3055,fixed,edge,14,14,True,8407.823606095097,37069.118030475445,167,89,0
3055,active,edge,14,14,True,7876.144952210055,34180.72476105026,174,100,134
3056,fixed,edge,12,12,True,8079.252046149749,35181.26023074871,175,108,0
3056,active,edge,12,12,True,7765.282118966898,33456.41059483445,180,114,126
3057,fixed,edge,14,14,True,8630.853205260231,37784.26602630112,181,99,0
3057,active,edge,14,14,True,8452.733355086873,36598.666775434314,191,108,143
3058,fixed,edge,14,14,True,8183.115408648694,35685.577043243444,176,96,0
3058,active,edge,14,14,True,7892.6549618896615,33988.27480944828,185,100,139
3059,fixed,edge,10,10,True,6469.482988948777,27342.41494474387,168,111,0
3059,active,edge,10,10,True,6361.337003361496,26621.685016807456,174,117,117
3060,fixed,edge,11,11,True,7479.250492941619,31866.252464708068,186,121,0
3060,active,edge,11,11,True,6867.635450826042,28623.17725413018,191,133,126
3061,fixed,edge,11,11,True,6792.536204143938,28897.681020719676,170,108,0
3061,active,edge,11,11,True,6821.60433267352,28928.02166336758,174,111,119
3062,fixed,edge,16,16,True,9345.057653908494,41280.2882695424,184,89,0
3062,active,edge,16,16,True,8780.339486426217,38041.69743213104,198,102,157
3063,fixed,edge,12,12,True,7854.380388968914,34421.90194484453,163,95,0
3063,active,edge,12,12,True,7799.731029404138,33983.65514702066,168,103,123
3064,fixed,edge,14,14,True,8672.221817785046,38241.1090889252,172,94,0
3064,active,edge,14,14,True,8766.903900481338,38539.51950240665,178,99,135
3065,fixed,edge,14,14,True,8696.572006259283,38577.86003129639,166,81,0
3065,active,edge,14,14,True,8259.580937918012,36117.90468959003,175,91,140
3066,fixed,edge,11,11,True,7443.809096357456,32424.04548178727,161,99,0
3066,active,edge,11,11,True,7441.055270691902,32215.276353459496,168,103,120
3067,fixed,edge,11,11,True,7339.616858909043,31668.08429454519,169,106,0
3067,active,edge,11,11,True,7025.485617092672,29872.42808546334,177,111,124
3068,fixed,edge,12,12,True,7915.615967579099,34528.07983789548,169,105,0
3068,active,edge,12,12,True,7902.392682555164,34246.9634127758,177,108,125
3069,fixed,edge,11,11,True,7462.217464032293,32091.087320161438,176,109,0
3069,active,edge,11,11,True,7207.323354553832,30561.616772769128,185,115,130
3070,fixed,edge,14,14,True,8810.87485502362,38909.37427511807,173,94,0
3070,active,edge,14,14,True,8851.874855023621,38909.37427511807,180,100,136
3071,fixed,edge,10,10,True,6812.761052712446,29323.805263562215,158,108,0
3071,active,edge,10,10,True,6750.516988473919,28907.584942369576,161,114,107
3072,fixed,edge,11,11,True,7584.49620505841,32662.481025292032,177,112,0
3072,active,edge,11,11,True,7105.525668887841,30022.628344439196,185,121,127
3073,fixed,edge,11,11,True,7564.108321855965,32820.54160927979,168,105,0
3073,active,edge,11,11,True,7370.646490942757,31668.23245471375,174,112,121
3074,fixed,edge,12,12,True,7446.007310862917,32090.03655431456,172,108,0
3074,active,edge,12,12,True,6848.833204691481,28959.166023457383,176,117,122
3075,fixed,edge,14,14,True,8377.746439915061,36488.732199575265,182,100,0
3075,active,edge,14,14,True,8342.977542900198,36089.88771450096,190,105,141
3076,fixed,edge,14,14,True,7699.056359409371,33270.28179704684,176,95,0
3076,active,edge,14,14,True,7596.210590920587,32561.052954602914,183,99,138
3077,fixed,edge,12,12,True,7184.245918811041,30761.22959405517,173,107,0
3077,active,edge,12,12,True,6943.160331456062,29345.801657280284,180,114,126
3078,fixed,edge,10,10,True,6930.225047411147,29706.125237055723,166,109,0
3078,active,edge,10,10,True,6960.225047411147,29706.125237055723,171,114,115
3079,fixed,edge,14,14,True,8463.222375306173,36706.11187653081,189,107,0
3079,active,edge,14,14,True,7965.609895445522,33923.04947722757,198,121,143
3080,fixed,edge,13,13,True,8024.588103696589,34987.94051848293,173,97,0
3080,active,edge,13,13,True,7936.885970965943,34369.429854829694,179,103,132
3081,fixed,edge,10,10,True,6964.344061929187,30061.72030964593,159,107,0
3081,active,edge,10,10,True,6471.877832846592,27499.38916423295,162,112,109
3082,fixed,edge,16,16,True,9200.741535147148,40538.70767573567,185,88,0
3082,active,edge,16,16,True,8508.497579195193,37072.487895975915,185,89,144
3083,fixed,edge,16,16,True,9258.044716863027,40690.2235843151,188,100,0
3083,active,edge,16,16,True,8434.789488434244,36358.94744217117,195,108,146
3084,fixed,edge,14,14,True,8730.637880692842,38138.18940346419,185,108,0
3084,active,edge,14,14,True,8712.659430909318,37858.29715454656,191,116,136
3085,fixed,edge,10,10,True,6648.496655922452,28152.48327961225,171,113,0
3085,active,edge,10,10,True,6573.764461150273,27603.822305751357,177,118,118
3086,fixed,edge,11,11,True,7135.4390875488925,30567.195437744453,172,107,0
3086,active,edge,11,11,True,7185.4390875488925,30567.195437744453,181,112,128
3087,fixed,edge,14,14,True,8284.85554708134,36474.27773540667,166,90,0
3087,active,edge,14,14,True,8015.346887615029,34841.734438075124,175,102,134
3088,fixed,edge,13,13,True,8209.467700083944,36047.33850041968,168,95,0
3088,active,edge,13,13,True,7992.156296155426,34790.7814807771,173,104,128
3089,fixed,edge,11,11,True,7093.5653224059815,30362.82661202989,172,106,0
3089,active,edge,11,11,True,7630.451741922968,32862.25870961481,178,113,125
3090,fixed,edge,13,13,True,7772.372168143381,33811.86084071687,169,100,0
3090,active,edge,13,13,True,7570.314527052915,32506.572635264547,179,109,130
3091,fixed,edge,11,11,True,7271.4259981263585,31067.129990631765,178,113,0
3091,active,edge,11,11,True,7120.276157409661,30101.380787048292,185,120,126
3092,fixed,edge,10,10,True,6818.874302040895,28854.37151020445,176,118,0
3092,active,edge,10,10,True,6590.648022907835,27633.24011453915,178,124,115
3093,fixed,edge,14,14,True,8946.461630270636,39312.308151353165,182,104,0
3093,active,edge,14,14,True,8670.681625751155,37643.40812875574,192,112,140
3094,fixed,edge,14,14,True,8177.767438694279,35708.83719347135,175,91,0
3094,active,edge,14,14,True,8274.744523538715,35888.72261769354,186,97,143
3095,fixed,edge,12,12,True,7271.975954971967,31049.879774859804,179,107,0
3095,active,edge,12,12,True,7599.482804573484,32417.414022867386,189,111,135
3096,fixed,edge,16,16,True,9441.376139756618,41801.88069878303,182,91,0
3096,active,edge,16,16,True,9125.124982446949,40030.624912234685,188,99,145
3097,fixed,edge,15,15,True,8488.235201286643,36931.176006433176,186,97,0
3097,active,edge,15,15,True,7939.97208012349,33869.86040061741,197,106,150
3098,fixed,edge,14,14,True,8220.222561634971,36141.112808174825,166,92,0
3098,active,edge,14,14,True,8064.561591733949,35092.80795866972,175,101,131
3099,fixed,edge,10,10,True,6570.972588873976,27834.862944369874,169,109,0
3099,active,edge,10,10,True,6560.566538090792,27597.832690453954,175,116,120
3000,fixed,clustered,15,15,True,7937.893875296156,35769.46937648076,132,49,0
3000,active,clustered,15,15,True,7480.771974985047,33223.85987492522,141,56,124
3001,fixed,clustered,12,12,True,7268.137542398796,32230.68771199397,139,67,0
3001,active,clustered,12,12,True,7161.367806891737,31441.839034458673,148,73,125
3002,fixed,clustered,11,11,True,6510.919450768862,28489.59725384431,137,73,0
3002,active,clustered,11,11,True,6053.939896676423,25914.699483382126,146,86,117
3003,fixed,clustered,14,14,True,8528.88305092491,38719.415254624524,132,55,0
3003,active,clustered,14,14,True,7035.023392964783,31030.11696482391,138,69,121
3004,fixed,clustered,13,13,True,7932.686195907868,35683.43097953933,134,61,0
3004,active,clustered,13,13,True,6966.630584468055,30668.152922340272,140,68,117
3005,fixed,clustered,15,15,True,8272.00796608916,37340.03983044578,136,49,0
3005,active,clustered,15,15,True,7119.305493294645,31236.527466473217,146,67,129
3006,fixed,clustered,15,15,True,8763.880059562582,39749.40029781287,138,49,0
3006,active,clustered,15,15,True,7377.266046745854,32466.330233729255,149,64,132
3007,fixed,clustered,15,15,True,8965.460488671008,40732.302443354994,139,49,0
3007,active,clustered,15,15,True,7603.921876693101,33584.6093834655,150,62,133
3008,fixed,clustered,12,12,True,7985.418129049296,35817.09064524647,139,67,0
3008,active,clustered,12,12,True,7149.125461270727,31405.627306353625,146,78,123
3009,fixed,clustered,13,13,True,7955.075531081015,35720.37765540506,137,61,0
3009,active,clustered,13,13,True,7014.622690376963,30758.113451884812,145,73,122
3010,fixed,clustered,15,15,True,8750.88002962115,39809.400148105735,133,49,0
3010,active,clustered,15,15,True,7531.671110063813,33423.355550319066,142,62,125
3011,fixed,clustered,11,11,True,6851.774643493608,30118.87321746803,140,73,0
3011,active,clustered,11,11,True,5946.230045155913,25341.15022577958,147,88,118
3012,fixed,clustered,12,12,True,7873.5296360289985,35257.64818014497,139,67,0
3012,active,clustered,12,12,True,7054.011634007347,30920.05817003673,147,75,124
3013,fixed,clustered,15,15,True,9175.923859894585,41859.619299472884,136,49,0
3013,active,clustered,15,15,True,7006.413172075024,30647.065860375107,146,72,129
3014,fixed,clustered,10,10,True,6996.929141851776,30864.645709258886,139,79,0
3014,active,clustered,10,10,True,6153.3149635279315,26391.574817639663,147,90,112
3015,fixed,clustered,15,15,True,8141.735156037191,36838.675780185935,130,49,0
3015,active,clustered,15,15,True,7054.122720248603,31190.613601243014,136,61,119
3016,fixed,clustered,15,15,True,8184.487222245322,36952.43611122659,134,49,0
3016,active,clustered,15,15,True,7335.992588068425,32439.962940342113,142,63,125
3017,fixed,clustered,15,15,True,8260.566763474173,37232.83381737083,138,49,0
3017,active,clustered,15,15,True,7455.553812915846,32927.76906457922,147,60,130
3018,fixed,clustered,13,13,True,8231.467277841304,37102.33638920651,137,61,0
3018,active,clustered,13,13,True,6460.346618302393,27986.733091511967,144,78,121
3019,fixed,clustered,12,12,True,7773.673180940899,34738.36590470448,139,71,0
3019,active,clustered,12,12,True,6619.243459646333,28771.21729823166,144,85,117
3020,fixed,clustered,13,13,True,7035.091575135616,31220.457875678065,133,61,0
3020,active,clustered,13,13,True,6813.316168767403,29836.580843837004,142,71,119
3021,fixed,clustered,14,14,True,7764.796370418751,34823.98185209372,135,55,0
3021,active,clustered,14,14,True,7146.4861082636635,31477.43054131831,143,66,126
3022,fixed,clustered,13,13,True,7855.640736787031,35248.20368393514,136,61,0
3022,active,clustered,13,13,True,6878.841027175194,30129.20513587597,143,73,120
3023,fixed,clustered,14,14,True,7899.248543298412,35446.242716492045,137,55,0
3023,active,clustered,14,14,True,7088.150485553521,31085.752427767595,147,66,130
3024,fixed,clustered,11,11,True,7377.561383192865,32797.80691596431,138,73,0
3024,active,clustered,11,11,True,6462.859526057727,27924.297630288638,148,83,119
3025,fixed,clustered,10,10,True,6151.789120242476,26813.945601212392,132,79,0
3025,active,clustered,10,10,True,5628.74475105093,24023.723755254658,137,89,102
3026,fixed,clustered,14,14,True,8345.812304538022,37654.06152269009,138,55,0
3026,active,clustered,14,14,True,6919.446545889208,30197.23272944604,148,70,131
3027,fixed,clustered,11,11,True,6574.3894656784605,28831.947328392307,136,73,0
3027,active,clustered,11,11,True,6261.627312527086,27038.13656263543,144,79,115
3028,fixed,clustered,15,15,True,8058.188207768309,36270.94103884152,136,49,0
3028,active,clustered,15,15,True,7304.895751122932,32259.478755614648,143,63,126
3029,fixed,clustered,14,14,True,7647.363455407888,34236.81727703943,135,55,0
3029,active,clustered,14,14,True,6339.639968402006,27393.19984201004,143,76,126
3030,fixed,clustered,11,11,True,6884.957015647793,30309.78507823895,139,73,0
3030,active,clustered,11,11,True,5876.553823533302,25082.769117666518,144,85,115
3031,fixed,clustered,15,15,True,8283.870525686145,37424.352628430715,135,49,0
3031,active,clustered,15,15,True,7513.1671966470185,33260.835983235076,145,61,128
3032,fixed,clustered,11,11,True,7026.7387356667605,31268.693678333813,129,73,0
3032,active,clustered,11,11,True,6328.554647981899,27652.773239909504,132,83,103
3033,fixed,clustered,16,16,True,8998.625690704393,41103.12845352193,131,43,0
3033,active,clustered,16,16,True,5495.927043832949,24039.63521916473,114,38,103
3034,fixed,clustered,14,14,True,8113.900353031429,36719.50176515715,129,55,0
3034,active,clustered,14,14,True,6870.0553550549685,30250.27677527484,137,65,120
3035,fixed,clustered,14,14,True,7892.012177921088,35485.06088960543,134,55,0
3035,active,clustered,14,14,True,7132.784929388482,31473.924646942403,140,68,123
3036,fixed,clustered,15,15,True,8083.689531286535,36423.447656432654,135,49,0
3036,active,clustered,15,15,True,7064.390569798887,30921.95284899443,148,65,131
3037,fixed,clustered,15,15,True,8289.353868080914,37326.76934040453,140,49,0
3037,active,clustered,15,15,True,7576.027489925873,33425.13744962935,151,61,134
3038,fixed,clustered,11,11,True,7146.4735978287445,31717.367989143724,135,73,0
3038,active,clustered,11,11,True,6283.974486603227,27199.872433016135,141,84,112
3039,fixed,clustered,10,10,True,6649.571369216592,29177.856846082963,137,79,0
3039,active,clustered,10,10,True,5979.510469782737,25592.552348913698,145,86,110
3040,fixed,clustered,14,14,True,8067.066735787051,36335.33367893522,135,55,0
3040,active,clustered,14,14,True,6919.579462009438,30277.897310047203,145,69,128
3041,fixed,clustered,10,10,True,6886.295048903135,30286.475244515677,140,79,0
3041,active,clustered,10,10,True,6048.266109947614,25911.330549738075,145,91,110
3042,fixed,clustered,13,13,True,7518.771322223957,33588.85661111977,135,61,0
3042,active,clustered,13,13,True,6933.320826137153,30446.604130685755,142,69,119
3043,fixed,clustered,14,14,True,7964.517755365134,35722.58877682564,139,55,0
3043,active,clustered,14,14,True,6762.170682176244,29415.853410881213,148,69,131
3044,fixed,clustered,13,13,True,7616.456591838377,34052.28295919186,136,61,0
3044,active,clustered,13,13,True,6376.594391531128,27552.97195765564,145,76,122
3045,fixed,clustered,12,12,True,6966.591781558228,30847.958907791137,134,67,0
3045,active,clustered,12,12,True,6395.257514859105,27741.287574295533,142,77,119
3046,fixed,clustered,10,10,True,6552.858622197986,28669.293110989925,138,79,0
3046,active,clustered,10,10,True,5776.705151013044,24578.52575506523,144,91,109
3047,fixed,clustered,12,12,True,7540.6986044481455,33593.49302224072,139,67,0
3047,active,clustered,12,12,True,6107.603570257235,26138.01785128618,148,80,125
3048,fixed,clustered,11,11,True,6842.967251949951,30099.836259749754,139,73,0
3048,active,clustered,11,11,True,6316.0747336821305,27260.373668410666,146,79,117
3049,fixed,clustered,13,13,True,8072.536770278645,36307.6838513932,137,61,0
3049,active,clustered,13,13,True,6791.660798286619,29598.303991433095,147,72,124
3050,fixed,clustered,14,14,True,7997.063804540025,35935.3190227001,137,55,0
3050,active,clustered,14,14,True,7187.696403987468,31623.48201993733,146,63,129
3051,fixed,clustered,16,16,True,9004.297031553338,40956.48515776666,138,43,0
3051,active,clustered,16,16,True,5577.520945776842,24162.604728884202,126,35,115
3052,fixed,clustered,10,10,True,6945.80272292738,30609.013614636893,139,79,0
3052,active,clustered,10,10,True,5910.8613689652675,25184.306844826348,147,89,112
3053,fixed,clustered,13,13,True,8272.168079665986,37430.84039832991,132,61,0
3053,active,clustered,13,13,True,6593.052495103239,28785.262475516196,139,76,116
3054,fixed,clustered,10,10,True,6691.714150931529,29313.57075465764,140,79,0
3054,active,clustered,10,10,True,5932.599703284133,25377.998516420674,144,87,109
3055,fixed,clustered,14,14,True,8703.998861602175,39334.994308010864,142,57,0
3055,active,clustered,14,14,True,6831.312925611615,29596.564628058077,153,77,134
3056,fixed,clustered,12,12,True,7225.229596412863,32041.147982064307,138,67,0
3056,active,clustered,12,12,True,6545.8696346909255,28349.348173454637,148,76,125
3057,fixed,clustered,14,14,True,8381.260949708587,37856.304748542905,137,55,0
3057,active,clustered,14,14,True,7115.835841540328,31274.17920770163,144,71,127
3058,fixed,clustered,14,14,True,8000.4304400156125,35927.15220007804,138,55,0
3058,active,clustered,14,14,True,7005.067358057408,30610.33679028703,149,68,132
3059,fixed,clustered,10,10,True,6254.291963521791,27226.45981760896,136,79,0
3059,active,clustered,10,10,True,5868.929452269086,25129.64726134544,141,88,106
3060,fixed,clustered,11,11,True,7128.378046303922,31576.890231519603,137,73,0
3060,active,clustered,11,11,True,6110.411943326056,26292.059716630287,142,87,113
3061,fixed,clustered,11,11,True,7065.584928739557,31262.924643697777,137,73,0
3061,active,clustered,11,11,True,6533.659080281609,28418.29540140804,143,80,114
3062,fixed,clustered,16,16,True,8648.88984060785,39254.44920303922,135,43,0
3062,active,clustered,16,16,True,5655.612778797533,24673.063893987648,122,31,111
3063,fixed,clustered,12,12,True,7344.76021453074,32738.801072653685,134,67,0
3063,active,clustered,12,12,True,6229.412563869426,26927.06281934713,141,79,118
3064,fixed,clustered,14,14,True,7510.9335007959,33579.66750397949,134,55,0
3064,active,clustered,14,14,True,7151.062284674994,31485.31142337496,144,64,127
3065,fixed,clustered,14,14,True,7599.886046784128,34124.430233920626,130,55,0
3065,active,clustered,14,14,True,7254.672627708885,32168.36313854441,137,66,120
3066,fixed,clustered,11,11,True,6828.484736248441,30027.4236812422,139,73,0
3066,active,clustered,11,11,True,6333.223403430438,27301.11701715219,147,83,118
3067,fixed,clustered,11,11,True,7034.59551174329,31132.977558716448,136,73,0
3067,active,clustered,11,11,True,6875.313957840207,30186.56978920102,141,78,112
3068,fixed,clustered,12,12,True,7576.400879627325,33797.00439813661,138,67,0
3068,active,clustered,12,12,True,6905.302506230761,30211.5125311538,146,73,123
3069,fixed,clustered,11,11,True,6295.938516091093,27564.692580455474,131,73,0
3069,active,clustered,11,11,True,5860.245679011665,25216.228395058337,136,82,107
3070,fixed,clustered,14,14,True,8757.458370871824,39682.2918543591,139,56,0
3070,active,clustered,14,14,True,7191.091125177543,31610.45562588771,145,74,127
3071,fixed,clustered,10,10,True,6673.573419359061,29347.867096795304,135,79,0
3071,active,clustered,10,10,True,5977.843979019005,25699.219895095033,140,88,105
3072,fixed,clustered,11,11,True,7248.393764854227,32251.96882427113,134,73,0
3072,active,clustered,11,11,True,6352.797794171505,27563.988970857532,141,80,112
3073,fixed,clustered,11,11,True,7358.387625775943,32726.93812887971,137,73,0
3073,active,clustered,11,11,True,5958.21143905883,25481.057195294157,144,87,115
3074,fixed,clustered,12,12,True,6936.833660853598,30624.168304267983,137,67,0
3074,active,clustered,12,12,True,5874.265072877514,25061.32536438758,144,82,121
3075,fixed,clustered,14,14,True,8177.334922683792,36911.674613418945,134,55,0
3075,active,clustered,14,14,True,6834.412072363155,29927.06036181577,142,69,125
3076,fixed,clustered,14,14,True,8067.180511345822,36385.902556729096,133,55,0
3076,active,clustered,14,14,True,6807.802296074096,29824.011480370475,141,68,124
3077,fixed,clustered,12,12,True,7914.546942279918,35437.73471139959,139,72,0
3077,active,clustered,12,12,True,6578.2185120479,28496.09256023951,147,84,119
3078,fixed,clustered,10,10,True,6191.691401039725,26863.457005198637,138,79,0
3078,active,clustered,10,10,True,5962.406476655624,25487.032383278125,146,85,111
3079,fixed,clustered,14,14,True,7699.577682955242,34597.8884147762,131,55,0
3079,active,clustered,14,14,True,7222.433653949326,31952.168269746617,139,67,122
3080,fixed,clustered,13,13,True,8057.558719159096,36332.793595795454,133,61,0
3080,active,clustered,13,13,True,6917.676961170979,30413.384805854883,139,75,116
3081,fixed,clustered,10,10,True,6142.116948265798,26665.584741328996,136,79,0
3081,active,clustered,10,10,True,5767.504986050589,24567.524930252952,144,84,109
3082,fixed,clustered,16,16,True,8246.338205920505,37316.6910296025,132,43,0
3082,active,clustered,16,16,True,5221.926308759134,22634.631543795655,116,35,105
3083,fixed,clustered,16,16,True,9239.39568213367,42156.978410668315,137,43,0
3083,active,clustered,16,16,True,5033.394062284475,21531.970311422367,122,37,111
3084,fixed,clustered,14,14,True,8323.25161268132,37566.258063406574,137,55,0
3084,active,clustered,14,14,True,7080.951865552848,30959.759327764237,149,74,132
3085,fixed,clustered,10,10,True,7078.519881598123,31222.599407990605,140,84,0
3085,active,clustered,10,10,True,6719.329686215573,29301.648431077865,144,89,109
3086,fixed,clustered,11,11,True,7310.04810425906,32485.24052129529,137,73,0
3086,active,clustered,11,11,True,6452.541562393764,27972.707811968823,144,83,115
3087,fixed,clustered,14,14,True,7706.045338953725,34505.226694768615,136,55,0
3087,active,clustered,14,14,True,7105.00232881543,31160.01164407714,147,68,130
3088,fixed,clustered,13,13,True,7766.835057235077,34884.17528617538,132,65,0
3088,active,clustered,13,13,True,6315.79681493274,27393.984074663695,138,82,113
3089,fixed,clustered,11,11,True,6920.005023887444,30535.025119437218,137,73,0
3089,active,clustered,11,11,True,6458.475994355233,27982.379971776172,145,82,116
3090,fixed,clustered,13,13,True,7488.32881538453,33611.64407692263,128,61,0
3090,active,clustered,13,13,True,6618.428240341475,29147.14120170737,130,74,107
3091,fixed,clustered,11,11,True,6814.9373054916705,30084.686527458343,134,73,0
3091,active,clustered,11,11,True,5822.789255479873,24913.946277399376,140,85,111
3092,fixed,clustered,10,10,True,7011.361861985289,30886.809309926444,140,84,0
3092,active,clustered,10,10,True,6538.750766171936,28328.75383085968,146,93,111
3093,fixed,clustered,14,14,True,7859.875580758634,35349.37790379316,133,55,0
3093,active,clustered,14,14,True,7390.920648922172,32734.603244610855,142,64,125
3094,fixed,clustered,14,14,True,7574.072368006243,33870.3618400312,135,55,0
3094,active,clustered,14,14,True,7092.189980721653,31275.949903608256,140,67,123
3095,fixed,clustered,12,12,True,7359.758325413513,32738.791627067556,137,67,0
3095,active,clustered,12,12,True,6654.22043148408,28996.102157420402,144,75,121
3096,fixed,clustered,16,16,True,8561.565531318513,38892.82765659253,132,43,0
3096,active,clustered,16,16,True,5866.164240499371,25790.821202496834,119,33,108
3097,fixed,clustered,15,15,True,8015.0150538865155,36155.07526943255,132,49,0
3097,active,clustered,15,15,True,6926.199186264842,30495.995931324203,138,62,121
3098,fixed,clustered,14,14,True,8410.200056132919,37976.000280664564,138,55,0
3098,active,clustered,14,14,True,6857.437101947137,29887.185509735693,147,75,130
3099,fixed,clustered,10,10,True,6021.330262123651,26136.651310618257,133,79,0
3099,active,clustered,10,10,True,5444.205347265841,23116.026736329208,136,91,101
3000,fixed,min_radius,15,15,True,8689.05966228912,38315.298311445564,173,86,0
3000,active,min_radius,15,15,True,8911.343251865985,39186.716259329885,182,89,144
3001,fixed,min_radius,12,12,True,7593.906639964309,33239.533199821526,159,91,0
3001,active,min_radius,12,12,True,7662.744192231661,33383.72096115828,166,96,124
3002,fixed,min_radius,11,11,True,6921.309718312132,30161.548591560644,148,94,0
3002,active,min_radius,11,11,True,6890.577129060619,29857.885645303086,153,99,110
3003,fixed,min_radius,14,14,True,8271.898659367358,36594.49329683676,160,83,0
3003,active,min_radius,14,14,True,8182.322077475397,35911.61038737697,168,90,133
3004,fixed,min_radius,13,13,True,7164.861449440712,30904.307247203542,165,94,0
3004,active,min_radius,13,13,True,7067.382679987214,30221.913399936057,172,98,128
3005,fixed,min_radius,15,15,True,8261.036011327818,36780.18005663907,152,70,0
3005,active,min_radius,15,15,True,8132.101021904641,35905.50510952318,160,76,132
3006,fixed,min_radius,15,15,True,8250.444583729754,36162.222918648724,170,93,0
3006,active,min_radius,15,15,True,8397.715933433314,36768.579667166516,174,99,130
3007,fixed,min_radius,15,15,True,8626.047725334098,38140.23862667043,168,83,0
3007,active,min_radius,15,15,True,8490.936010706524,37184.68005353257,178,89,142
3008,fixed,min_radius,12,12,True,7450.717588156511,32253.58794078253,168,100,0
3008,active,min_radius,12,12,True,7276.2383233442015,31201.191616720982,174,106,125
3009,fixed,min_radius,13,13,True,7459.249151738917,32321.24575869456,168,90,0
3009,active,min_radius,13,13,True,7480.655458262085,32243.277291310398,174,97,133
3010,fixed,min_radius,15,15,True,8751.26635134104,38941.33175670516,162,78,0
3010,active,min_radius,15,15,True,8416.258422400202,37036.29211200097,170,84,137
3011,fixed,min_radius,11,11,True,7018.200040617118,30041.000203085572,169,110,0
3011,active,min_radius,11,11,True,7139.539797094252,30497.698985471245,174,115,116
3012,fixed,min_radius,12,12,True,7330.178313884262,31720.89156942128,166,96,0
3012,active,min_radius,12,12,True,7151.15552583237,30635.777629161825,173,99,128
3013,fixed,min_radius,15,15,True,8515.309274930309,37871.546374651494,159,71,0
3013,active,min_radius,15,15,True,7878.809843327404,34369.04921663699,169,85,140
3014,fixed,min_radius,10,10,True,6918.545920331024,29722.729601655108,164,104,0
3014,active,min_radius,10,10,True,6954.789474266371,29698.94737133184,171,110,119
3015,fixed,min_radius,15,15,True,8630.728074556293,38468.64037278144,158,72,0
3015,active,min_radius,15,15,True,8608.382433517441,38101.91216758718,167,78,137
3016,fixed,min_radius,15,15,True,8888.137807761053,39600.68903880524,164,73,0
3016,active,min_radius,15,15,True,8592.886105194431,37794.43052597212,176,79,146
3017,fixed,min_radius,15,15,True,8783.593563812527,39437.96781906259,150,71,0
3017,active,min_radius,15,15,True,8758.670757211054,39028.35378605523,160,78,132
3018,fixed,min_radius,13,13,True,8046.450760446718,35202.253802233565,169,96,0
3018,active,min_radius,13,13,True,7856.688079619059,34088.44039809527,174,104,128
3019,fixed,min_radius,12,12,True,7714.224409296704,33591.122046483484,168,96,0
3019,active,min_radius,12,12,True,7519.969679083435,32329.848395417142,178,104,132
3020,fixed,min_radius,13,13,True,7760.772022288055,33723.86011144023,171,96,0
3020,active,min_radius,13,13,True,7789.772022288055,33723.86011144023,175,105,130
3021,fixed,min_radius,14,14,True,7993.809816414798,35259.04908207395,159,77,0
3021,active,min_radius,14,14,True,8018.01435297257,35120.07176486282,168,84,136
3022,fixed,min_radius,13,13,True,7925.0874979137625,34925.43748956877,158,85,0
3022,active,min_radius,13,13,True,7655.77062018113,33378.85310090562,165,90,128
3023,fixed,min_radius,14,14,True,8438.315401168882,37596.57700584438,155,74,0
3023,active,min_radius,14,14,True,8491.315401168882,37596.57700584439,164,82,134
3024,fixed,min_radius,11,11,True,7104.003281507468,30735.01640753731,161,97,0
3024,active,min_radius,11,11,True,6894.5120820936845,29482.5604104684,168,103,121
3025,fixed,min_radius,10,10,True,6599.582343621577,28317.91171810788,157,101,0
3025,active,min_radius,10,10,True,6407.796187171297,27203.98093585648,162,107,111
3026,fixed,min_radius,14,14,True,8174.752446908295,35773.762234541435,172,90,0
3026,active,min_radius,14,14,True,7944.28972721156,34461.44863605776,177,97,135
3027,fixed,min_radius,11,11,True,6536.561715490522,27782.808577452604,164,105,0
3027,active,min_radius,11,11,True,6908.484085372184,29467.420426860914,170,110,117
3028,fixed,min_radius,15,15,True,8903.527007167968,40002.6350358398,152,68,0
3028,active,min_radius,15,15,True,8739.993044859772,38969.96522429882,159,76,132
3029,fixed,min_radius,14,14,True,7821.253748730587,34166.26874365291,167,83,0
3029,active,min_radius,14,14,True,7805.27292701235,33826.36463506172,176,90,140
3030,fixed,min_radius,11,11,True,7251.704513642857,31713.522568214277,153,89,0
3030,active,min_radius,11,11,True,7251.643525716939,31538.217628584687,159,94,118
3031,fixed,min_radius,15,15,True,8999.190355952656,40455.95177976326,153,68,0
3031,active,min_radius,15,15,True,8822.867271681229,39369.336358406115,160,74,134
3032,fixed,min_radius,11,11,True,7245.377822777669,31306.889113888337,165,104,0
3032,active,min_radius,11,11,True,7272.355488843433,31256.77744421715,171,111,119
3033,fixed,min_radius,16,16,True,8937.579783219066,39017.89891609526,191,99,0
3033,active,min_radius,16,16,True,8498.859682757515,36584.29841378752,199,107,150
3034,fixed,min_radius,14,14,True,8110.827415687738,35499.13707843865,171,86,0
3034,active,min_radius,14,14,True,8162.353254100383,35481.76627050188,181,91,142
3035,fixed,min_radius,14,14,True,8270.512028471288,36752.560142356415,155,75,0
3035,active,min_radius,14,14,True,8241.03941613383,36405.19708066912,162,80,131
3036,fixed,min_radius,15,15,True,8500.990614023516,37049.953070117524,183,101,0
3036,active,min_radius,15,15,True,8202.516215677031,35317.581078385105,190,114,139
3037,fixed,min_radius,15,15,True,8780.500709797961,38617.50354898978,178,92,0
3037,active,min_radius,15,15,True,8848.01466716806,38630.073335840265,190,97,147
3038,fixed,min_radius,11,11,True,7381.120144760818,32160.60072380408,160,94,0
3038,active,min_radius,11,11,True,7430.120144760819,32160.60072380408,169,98,126
3039,fixed,min_radius,10,10,True,6684.565225800269,28762.826129001343,156,102,0
3039,active,min_radius,10,10,True,6705.146212655411,28690.73106327705,162,107,111
3040,fixed,min_radius,14,14,True,8540.391790608419,37386.95895304204,179,98,0
3040,active,min_radius,14,14,True,8510.959998413347,36929.799992066684,190,105,143
3041,fixed,min_radius,10,10,True,6876.617414927025,29653.08707463511,159,101,0
3041,active,min_radius,10,10,True,6912.617414927024,29653.087074635107,165,107,117
3042,fixed,min_radius,13,13,True,7530.087800757734,32890.439003788655,160,87,0
3042,active,min_radius,13,13,True,7827.7753413510245,34133.876706755094,169,91,130
3043,fixed,min_radius,14,14,True,8656.216226577626,38301.08113288809,167,91,0
3043,active,min_radius,14,14,True,8688.216226577626,38301.08113288809,172,98,130
3044,fixed,min_radius,13,13,True,7871.663665792362,34313.31832896177,170,94,0
3044,active,min_radius,13,13,True,7903.864588699812,34239.32294349901,178,101,134
3045,fixed,min_radius,12,12,True,7783.167932628473,34105.83966314234,162,92,0
3045,active,min_radius,12,12,True,7306.011789462915,31490.05894731455,169,103,126
3046,fixed,min_radius,10,10,True,6820.279352160711,29161.396760803535,166,108,0
3046,active,min_radius,10,10,True,6617.83036032278,27959.15180161389,172,116,117
3047,fixed,min_radius,12,12,True,7369.647426301701,32273.237131508486,152,95,0
3047,active,min_radius,12,12,True,6908.741211494097,29863.70605747047,155,101,109
3048,fixed,min_radius,11,11,True,6879.587069879537,29957.935349397678,148,93,0
3048,active,min_radius,11,11,True,6894.587069879537,29957.935349397678,150,98,106
3049,fixed,min_radius,13,13,True,7891.38008223323,34586.90041116611,164,89,0
3049,active,min_radius,13,13,True,7817.827912815473,34044.13956407733,170,94,130
3050,fixed,min_radius,14,14,True,8240.221011517058,36266.105057585264,166,87,0
3050,active,min_radius,14,14,True,7736.092490058084,33575.46245029039,172,91,132
3051,fixed,min_radius,16,16,True,8952.080744009816,39725.40372004904,170,77,0
3051,active,min_radius,16,16,True,8210.835586269148,35959.17793134569,172,79,139
3052,fixed,min_radius,10,10,True,6652.586057223751,28337.930286118724,166,105,0
3052,active,min_radius,10,10,True,6758.465795153845,28582.3289757692,176,112,124
3053,fixed,min_radius,13,13,True,7776.027054161928,33380.135270809624,185,110,0
3053,active,min_radius,13,13,True,7742.527434747795,32962.63717373895,193,120,136
3054,fixed,min_radius,10,10,True,6670.881291390895,28784.40645695446,154,94,0
3054,active,min_radius,10,10,True,6523.471994727806,27892.35997363901,159,100,116
3055,fixed,min_radius,14,14,True,8597.742225188824,38163.71112594407,163,80,0
3055,active,min_radius,14,14,True,7875.68903766667,34263.44518833332,173,88,139
3056,fixed,min_radius,12,12,True,7277.856432068383,31729.28216034188,157,87,0
3056,active,min_radius,12,12,True,7499.8711535583,32634.355767791472,164,93,126
3057,fixed,min_radius,14,14,True,8690.865109873203,38409.32554936596,170,89,0
3057,active,min_radius,14,14,True,8431.491387051425,36877.45693525708,178,96,138
3058,fixed,min_radius,14,14,True,8300.258135485408,36546.29067742701,167,86,0
3058,active,min_radius,14,14,True,8401.331155361202,36871.655776805965,173,92,135
3059,fixed,min_radius,10,10,True,6515.727013281256,27978.63506640627,155,95,0
3059,active,min_radius,10,10,True,6556.727013281256,27978.63506640627,162,101,118
3060,fixed,min_radius,11,11,True,7141.641067511646,30848.205337558207,163,102,0
3060,active,min_radius,11,11,True,7144.417731024912,30707.08865512454,168,108,118
3061,fixed,min_radius,11,11,True,6675.239774187655,28871.19887093827,151,91,0
3061,active,min_radius,11,11,True,6768.415989304001,29172.079946520018,157,94,115
3062,fixed,min_radius,16,16,True,9305.89377784466,41699.46888922326,163,71,0
3062,active,min_radius,16,16,True,8986.928161000154,40074.64080500074,164,72,135
3063,fixed,min_radius,12,12,True,7550.343008269167,32971.7150413458,161,91,0
3063,active,min_radius,12,12,True,7298.77436153426,31493.87180767127,169,95,128
3064,fixed,min_radius,14,14,True,8029.563202385331,34917.816011926625,176,96,0
3064,active,min_radius,14,14,True,7941.81892576145,34279.09462880723,183,101,137
3065,fixed,min_radius,14,14,True,8362.858032844495,36724.29016422243,172,88,0
3065,active,min_radius,14,14,True,7929.965756030161,34264.82878015077,182,97,141
3066,fixed,min_radius,11,11,True,7241.99478672762,31314.973933638077,165,99,0
3066,active,min_radius,11,11,True,7244.274794633436,31081.373973167152,174,103,126
3067,fixed,min_radius,11,11,True,6984.181467480284,30030.90733740139,164,103,0
3067,active,min_radius,11,11,True,7122.826402550604,30579.132012752987,169,107,118
3068,fixed,min_radius,12,12,True,7993.935987979335,34849.67993989665,172,104,0
3068,active,min_radius,12,12,True,8030.974687863694,34834.87343931845,179,109,128
3069,fixed,min_radius,11,11,True,7116.118651613724,31220.5932580686,146,87,0
3069,active,min_radius,11,11,True,6959.102353016318,30280.511765081574,151,93,112
3070,fixed,min_radius,14,14,True,8287.915809578944,36594.579047894695,163,84,0
3070,active,min_radius,14,14,True,8036.701269857028,35063.5063492851,172,94,136
3071,fixed,min_radius,10,10,True,6945.296240050782,29861.481200253893,164,103,0
3071,active,min_radius,10,10,True,6984.985086573489,29839.92543286743,172,107,121
3072,fixed,min_radius,11,11,True,7223.550265801149,31147.751329005725,167,104,0
3072,active,min_radius,11,11,True,7258.550265801149,31147.751329005725,173,109,121
3073,fixed,min_radius,11,11,True,7371.364009201396,31736.820046006953,172,109,0
3073,active,min_radius,11,11,True,7410.364009201396,31736.820046006953,179,113,123
3074,fixed,min_radius,12,12,True,7456.826067451409,32794.13033725702,151,83,0
3074,active,min_radius,12,12,True,7379.9541489862995,32274.770744931473,155,90,119
3075,fixed,min_radius,14,14,True,7931.908654837621,34434.543274188065,176,95,0
3075,active,min_radius,14,14,True,7643.448892278165,32717.244461390783,185,105,140
3076,fixed,min_radius,14,14,True,8072.711480922987,35838.55740461492,152,75,0
3076,active,min_radius,14,14,True,8116.228016322165,35811.1400816108,161,79,131
3077,fixed,min_radius,12,12,True,7738.6210414915295,33413.10520745761,178,106,0
3077,active,min_radius,12,12,True,7752.349869768924,33251.749348844576,186,112,133
3078,fixed,min_radius,10,10,True,6381.606404895512,27258.03202447755,156,100,0
3078,active,min_radius,10,10,True,6712.9618667618715,28764.809333809346,161,105,112
3079,fixed,min_radius,14,14,True,8305.202470053771,36566.01235026881,167,87,0
3079,active,min_radius,14,14,True,8289.825806722165,36229.129033610785,176,94,136
3080,fixed,min_radius,13,13,True,7846.373255888283,34436.8662794414,161,89,0
3080,active,min_radius,13,13,True,7828.136514744772,34060.68257372385,171,96,130
3081,fixed,min_radius,10,10,True,6490.643062929988,27718.215314649922,159,102,0
3081,active,min_radius,10,10,True,6575.482535487435,27972.412677437158,165,106,115
3082,fixed,min_radius,16,16,True,8802.721547314339,38883.60773657164,173,81,0
3082,active,min_radius,16,16,True,8519.175131629603,37300.875658147976,179,84,143
3083,fixed,min_radius,16,16,True,8612.649394957249,37933.24697478619,173,81,0
3083,active,min_radius,16,16,True,8688.032531581637,38230.16265790814,176,82,141
3084,fixed,min_radius,14,14,True,8591.645637050704,37993.22818525347,168,83,0
3084,active,min_radius,14,14,True,8516.606638171917,37313.03319085955,179,89,142
3085,fixed,min_radius,10,10,True,6812.681976996061,28958.409884980287,171,116,0
3085,active,min_radius,10,10,True,6741.183929719585,28395.919648597905,178,122,117
3086,fixed,min_radius,11,11,True,7150.455150767059,31302.27575383529,150,85,0
3086,active,min_radius,11,11,True,7184.58577813574,31242.928890678693,158,91,119
3087,fixed,min_radius,14,14,True,8551.182479398816,37925.91239699405,163,81,0
3087,active,min_radius,14,14,True,8202.757872657254,35888.789363286254,172,95,137
3088,fixed,min_radius,13,13,True,7499.885219585275,32679.426097926353,162,89,0
3088,active,min_radius,13,13,True,7346.788514956329,31733.94257478162,168,95,129
3089,fixed,min_radius,11,11,True,7061.315517645031,30631.57758822514,157,95,0
3089,active,min_radius,11,11,True,7101.315517645031,30631.57758822514,164,100,119
3090,fixed,min_radius,13,13,True,7947.79368116825,34768.968405841224,168,89,0
3090,active,min_radius,13,13,True,8023.9536802877965,34844.76840143895,179,95,137
3091,fixed,min_radius,11,11,True,6723.900718081798,28839.50359040896,161,96,0
3091,active,min_radius,11,11,True,7213.488740213071,31087.44370106532,168,101,122
3092,fixed,min_radius,10,10,True,6984.014961827224,29930.074809136106,168,108,0
3092,active,min_radius,10,10,True,6659.32054928819,28071.602746440934,176,115,121
3093,fixed,min_radius,14,14,True,8433.40620956752,37317.03104783757,163,85,0
3093,active,min_radius,14,14,True,8464.406209567522,37317.03104783757,168,91,130
3094,fixed,min_radius,14,14,True,8329.608576670995,36808.04288335495,163,83,0
3094,active,min_radius,14,14,True,8340.720659821769,36608.60329910883,172,89,135
3095,fixed,min_radius,12,12,True,7524.6103037549965,32443.05151877495,174,106,0
3095,active,min_radius,12,12,True,7266.135086313736,30945.675431568645,181,112,127
3096,fixed,min_radius,16,16,True,8883.566310290153,39667.831551450734,159,75,0
3096,active,min_radius,16,16,True,8494.035997039158,37700.17998519575,159,79,128
3097,fixed,min_radius,15,15,True,8481.605970582546,37678.0298529127,159,76,0
3097,active,min_radius,15,15,True,8201.285606984957,36011.42803492476,168,84,137
3098,fixed,min_radius,14,14,True,8380.473661550395,37187.36830775194,159,78,0
3098,active,min_radius,14,14,True,8055.014248175934,35255.07124087964,169,89,137
3099,fixed,min_radius,10,10,True,6774.054882639381,29405.27441319689,150,93,0
3099,active,min_radius,10,10,True,6520.096388210471,27980.48194105234,155,99,112
3000,fixed,max_error,15,15,True,9056.318809201195,40256.59404600593,170,80,0
3000,active,max_error,15,15,True,9253.846389235614,40944.23194617802,181,85,146
3001,fixed,max_error,12,12,True,8221.533213308907,36422.666066544494,158,87,0
3001,active,max_error,12,12,True,7942.72118567498,34838.60592837487,165,90,126
3002,fixed,max_error,11,11,True,6937.517341336339,30417.586706681697,143,84,0
3002,active,max_error,11,11,True,6991.247830970708,30521.239154853538,148,92,111
3003,fixed,max_error,14,14,True,8123.709768128203,35728.54884064098,165,83,0
3003,active,max_error,14,14,True,8053.012933194438,35055.06466597216,176,92,140
3004,fixed,max_error,13,13,True,7918.146846861377,34835.73423430686,159,91,0
3004,active,max_error,13,13,True,7723.354303571913,33666.771517859546,166,95,123
3005,fixed,max_error,15,15,True,8966.257792427028,40051.288962135106,162,71,0
3005,active,max_error,15,15,True,8585.931642542575,37854.65821271283,172,80,143
3006,fixed,max_error,15,15,True,9381.299659096314,42141.49829548152,161,73,0
3006,active,max_error,15,15,True,9342.881390344812,41724.406951724006,168,83,137
3007,fixed,max_error,15,15,True,9128.733138124166,41063.66569062081,155,66,0
3007,active,max_error,15,15,True,8556.509057962006,37917.54528981,165,73,139
3008,fixed,max_error,12,12,True,7659.869090001978,33429.34545000988,164,94,0
3008,active,max_error,12,12,True,7711.869090001978,33429.34545000988,173,101,129
3009,fixed,max_error,13,13,True,7476.151489738776,32600.75744869386,161,86,0
3009,active,max_error,13,13,True,7276.4418922061295,31382.209461030627,168,95,130
3010,fixed,max_error,15,15,True,9452.144348531448,42945.7217426572,146,58,0
3010,active,max_error,15,15,True,8860.803798512494,39659.018992562436,158,64,137
3011,fixed,max_error,11,11,True,7093.323588147973,30741.61794073985,159,95,0
3011,active,max_error,11,11,True,7510.890839411434,32704.454197057155,163,100,118
3012,fixed,max_error,12,12,True,7641.029868114109,33460.14934057053,159,94,0
3012,active,max_error,12,12,True,7761.4510054705515,33972.25502735274,162,97,119
3013,fixed,max_error,15,15,True,9278.269599055613,42031.34799527803,147,62,0
3013,active,max_error,15,15,True,8954.595246460942,40092.97623230468,158,71,136
3014,fixed,max_error,10,10,True,7096.3482711675015,30941.741355837494,153,93,0
3014,active,max_error,10,10,True,6769.869678817754,29129.348394088756,159,99,116
3015,fixed,max_error,15,15,True,8963.637275714485,39838.18637857237,168,81,0
3015,active,max_error,15,15,True,8966.086400903609,39655.43200451798,175,85,139
3016,fixed,max_error,15,15,True,8912.365515564172,40101.82757782082,150,67,0
3016,active,max_error,15,15,True,8260.9988423862,36629.994211930956,157,75,130
3017,fixed,max_error,15,15,True,9703.296906744361,44051.48453372177,151,63,0
3017,active,max_error,15,15,True,9416.440341495923,42357.20170747958,160,70,136
3018,fixed,max_error,13,13,True,8199.847040610726,36489.235203053606,152,77,0
3018,active,max_error,13,13,True,7412.034801849773,32425.174009248847,155,87,122
3019,fixed,max_error,12,12,True,7842.831544875852,34199.157724379234,169,98,0
3019,active,max_error,12,12,True,7846.47948513662,33912.39742568307,180,104,134
3020,fixed,max_error,13,13,True,7724.599943398401,33897.999716991995,159,85,0
3020,active,max_error,13,13,True,7716.999818642598,33709.99909321297,163,95,124
3021,fixed,max_error,14,14,True,8902.136051594927,39570.680257974585,167,83,0
3021,active,max_error,14,14,True,8744.251219062087,38446.25609531038,179,90,143
3022,fixed,max_error,13,13,True,8702.704238327506,38808.521191637505,159,81,0
3022,active,max_error,13,13,True,8742.167128558283,38755.83564279139,168,86,134
3023,fixed,max_error,14,14,True,8556.182241227927,38010.91120613961,161,79,0
3023,active,max_error,14,14,True,8609.399763102101,38001.99881551047,170,89,137
3024,fixed,max_error,11,11,True,6725.167955240704,28825.83977620349,162,95,0
3024,active,max_error,11,11,True,6474.013326260856,27340.066631304264,170,101,125
3025,fixed,max_error,10,10,True,6805.361545943603,29511.80772971801,152,93,0
3025,active,max_error,10,10,True,6420.114424112044,27405.57212056021,158,99,114
3026,fixed,max_error,14,14,True,8683.469605931215,38907.34802965604,152,72,0
3026,active,max_error,14,14,True,8463.770245641228,37573.851228206106,160,79,131
3027,fixed,max_error,11,11,True,6941.994181454405,29849.97090727201,163,102,0
3027,active,max_error,11,11,True,7330.796809880241,31623.984049401188,169,106,119
3028,fixed,max_error,15,15,True,9143.745026859497,41308.72513429746,149,62,0
3028,active,max_error,15,15,True,8724.950133472097,39004.750667360466,156,69,134
3029,fixed,max_error,14,14,True,8231.235195509595,36451.17597754794,159,76,0
3029,active,max_error,14,14,True,8183.671771778649,35923.35885889321,169,84,137
3030,fixed,max_error,11,11,True,7386.155036888171,32605.775184440838,146,80,0
3030,active,max_error,11,11,True,7273.925218328826,31869.626091644113,151,90,117
3031,fixed,max_error,15,15,True,8954.932186684422,40244.66093342207,153,66,0
3031,active,max_error,15,15,True,8215.918530219886,36309.592651099396,161,74,135
3032,fixed,max_error,11,11,True,7149.716350482091,31008.581752410435,159,98,0
3032,active,max_error,11,11,True,7157.4200778813065,30837.100389406514,166,105,119
3033,fixed,max_error,16,16,True,10065.136153445772,45445.68076722881,165,71,0
3033,active,max_error,16,16,True,8858.169756016227,39325.84878008108,168,73,140
3034,fixed,max_error,14,14,True,8844.21317124185,39776.065856209214,149,74,0
3034,active,max_error,14,14,True,8091.203092959195,35876.01546479596,153,81,124
3035,fixed,max_error,14,14,True,8860.95489673367,39799.77448366833,152,71,0
3035,active,max_error,14,14,True,8910.954896733672,39799.77448366833,161,76,133
3036,fixed,max_error,15,15,True,8805.347591774711,39251.73795887351,161,75,0
3036,active,max_error,15,15,True,8745.30378541872,38786.51892709356,166,83,134
3037,fixed,max_error,15,15,True,9885.840735956137,44759.20367978064,158,69,0
3037,active,max_error,15,15,True,9362.93708922411,41809.68544612052,170,76,144
3038,fixed,max_error,11,11,True,7384.050613852702,32040.253069263494,164,101,0
3038,active,max_error,11,11,True,7414.050613852702,32040.253069263494,169,106,119
3039,fixed,max_error,10,10,True,7051.038819981426,30720.194099907116,153,92,0
3039,active,max_error,10,10,True,6925.9488514578925,29869.74425728945,161,97,119
3040,fixed,max_error,14,14,True,8848.304904758463,39711.52452379228,153,71,0
3040,active,max_error,14,14,True,8478.722665421821,37643.61332710907,160,80,132
3041,fixed,max_error,10,10,True,7127.557855778642,31202.78927889319,149,92,0
3041,active,max_error,10,10,True,6880.915044654343,29814.5752232717,154,98,111
3042,fixed,max_error,13,13,True,7779.96573711622,34109.82868558107,162,83,0
3042,active,max_error,13,13,True,7830.739795489184,34108.69897744589,172,84,137
3043,fixed,max_error,14,14,True,9537.707768881528,43033.53884440758,157,76,0
3043,active,max_error,14,14,True,8859.622247075778,39403.11123537885,165,84,133
3044,fixed,max_error,13,13,True,8276.084699001129,36740.42349500562,156,83,0
3044,active,max_error,13,13,True,8222.34446417135,36316.72232085672,161,89,124
3045,fixed,max_error,12,12,True,8138.612702179676,36118.063510898355,154,85,0
3045,active,max_error,12,12,True,8117.454453327197,35747.27226663596,163,93,126
3046,fixed,max_error,10,10,True,7112.0718363355445,31110.3591816777,150,90,0
3046,active,max_error,10,10,True,7159.0718363355445,31110.359181677704,158,97,117
3047,fixed,max_error,12,12,True,7921.836497737126,34934.182488685605,157,90,0
3047,active,max_error,12,12,True,7589.438681620276,33037.19340810136,165,97,124
3048,fixed,max_error,11,11,True,7154.897177906703,31409.485889533502,146,88,0
3048,active,max_error,11,11,True,6956.226890834939,30291.134454174684,150,93,110
3049,fixed,max_error,13,13,True,7731.2925223376105,33876.462611688024,161,86,0
3049,active,max_error,13,13,True,8078.2642640722515,35431.32132036123,167,92,128
3050,fixed,max_error,14,14,True,8722.86444358803,39014.32221794011,155,75,0
3050,active,max_error,14,14,True,8345.468299693497,36897.34149846746,163,81,133
3051,fixed,max_error,16,16,True,9163.18862093491,41290.943104674494,153,60,0
3051,active,max_error,16,16,True,8002.903411440367,35564.51705720179,151,55,129
3052,fixed,max_error,10,10,True,6862.445494377575,29527.227471887858,161,102,0
3052,active,max_error,10,10,True,6541.517487032784,27747.5874351639,167,107,117
3053,fixed,max_error,13,13,True,8726.648282038854,38748.241410194234,165,87,0
3053,active,max_error,13,13,True,8199.552328066127,35752.7616403306,177,99,137
3054,fixed,max_error,10,10,True,7021.608954359918,30473.044771799574,156,97,0
3054,active,max_error,10,10,True,6692.560602532252,28647.80301266125,162,103,115
3055,fixed,max_error,14,14,True,9003.118130265413,40460.59065132702,153,76,0
3055,active,max_error,14,14,True,8383.5661475186,37237.83073759296,156,86,124
3056,fixed,max_error,12,12,True,7746.869185173646,33949.3459258682,161,92,0
3056,active,max_error,12,12,True,8040.368058650357,35221.84029325177,168,96,126
3057,fixed,max_error,14,14,True,9110.07550391299,40880.377519564914,158,74,0
3057,active,max_error,14,14,True,8689.280665156073,38541.403325780324,166,81,136
3058,fixed,max_error,14,14,True,8724.698180491821,39248.490902459074,148,65,0
3058,active,max_error,14,14,True,8270.683351472073,36773.416757360326,155,71,131
3059,fixed,max_error,10,10,True,6855.253798949198,29841.268994745977,149,92,0
3059,active,max_error,10,10,True,6824.1390774404035,29495.695387202006,155,100,113
3060,fixed,max_error,11,11,True,7593.047098194415,33280.23549097205,157,97,0
3060,active,max_error,11,11,True,7340.396839060408,31931.984195302015,159,104,112
3061,fixed,max_error,11,11,True,7248.351321288476,31716.756606442374,152,90,0
3061,active,max_error,11,11,True,7250.653364612945,31558.266823064714,158,94,117
3062,fixed,max_error,16,16,True,9116.718691500642,40853.593457503164,160,66,0
3062,active,max_error,16,16,True,8984.340355182656,40001.70177591324,166,74,140
3063,fixed,max_error,12,12,True,7918.4574133215965,35122.287066607954,151,79,0
3063,active,max_error,12,12,True,8104.365423891976,35791.82711945985,160,86,127
3064,fixed,max_error,14,14,True,8476.877775364712,37764.38887682352,156,74,0
3064,active,max_error,14,14,True,8266.07481204517,36405.37406022584,167,80,138
3065,fixed,max_error,14,14,True,8979.088551733063,40340.442758665275,154,71,0
3065,active,max_error,14,14,True,8568.23436683219,38076.171834160916,160,83,132
3066,fixed,max_error,11,11,True,7639.503267380145,33612.516336900706,154,92,0
3066,active,max_error,11,11,True,7667.503267380145,33612.516336900706,159,95,116
3067,fixed,max_error,11,11,True,7523.749474342372,33053.747371711834,154,88,0
3067,active,max_error,11,11,True,7809.948141700289,34309.74070850141,160,93,120
3068,fixed,max_error,12,12,True,8323.601739642236,36893.00869821116,159,90,0
3068,active,max_error,12,12,True,8164.068371020957,35920.34185510476,165,95,123
3069,fixed,max_error,11,11,True,7081.041184409497,31290.205922047488,138,78,0
3069,active,max_error,11,11,True,6500.5020592048795,28247.510296024404,142,86,108
3070,fixed,max_error,14,14,True,8860.724867546136,39778.62433773064,152,75,0
3070,active,max_error,14,14,True,8443.800740202103,37514.00370101048,158,81,127
3071,fixed,max_error,10,10,True,7394.207210225127,32366.036051125608,155,96,0
3071,active,max_error,10,10,True,7112.605041700226,30773.025208501116,161,103,115
3072,fixed,max_error,11,11,True,7790.865907451869,34244.32953725932,158,97,0
3072,active,max_error,11,11,True,7538.174608095412,32830.87304047704,163,102,117
3073,fixed,max_error,11,11,True,8005.823858651995,35719.11929325995,145,82,0
3073,active,max_error,11,11,True,7675.207044752402,33826.03522376199,153,90,118
3074,fixed,max_error,12,12,True,7804.731905829568,34538.659529147815,151,82,0
3074,active,max_error,12,12,True,7166.165608331196,31120.828041655957,158,92,123
3075,fixed,max_error,14,14,True,8525.492969871955,38137.464849359734,152,68,0
3075,active,max_error,14,14,True,8119.590867730204,35917.954338651005,158,76,133
3076,fixed,max_error,14,14,True,7868.492239970784,34862.4611998539,151,71,0
3076,active,max_error,14,14,True,8044.695574427292,35478.47787213643,161,74,132
3077,fixed,max_error,12,12,True,7471.153176235888,32335.76588117941,169,99,0
3077,active,max_error,12,12,True,7238.474291727783,30942.371458638874,177,105,129
3078,fixed,max_error,10,10,True,6412.471351149522,27282.356755747594,161,101,0
3078,active,max_error,10,10,True,6449.312014979585,27281.560074897912,167,108,118
3079,fixed,max_error,14,14,True,9045.77857725835,40688.89288629173,153,73,0
3079,active,max_error,14,14,True,8301.199832455975,36725.999162279855,161,81,131
3080,fixed,max_error,13,13,True,7916.704013828332,34998.52006914164,154,82,0
3080,active,max_error,13,13,True,7700.721873425006,33738.60936712503,160,88,125
3081,fixed,max_error,10,10,True,7220.208259006026,31616.04129503013,151,92,0
3081,active,max_error,10,10,True,6904.891774312822,29864.458871564104,157,97,115
3082,fixed,max_error,16,16,True,9304.23723289748,41801.18616448736,160,64,0
3082,active,max_error,16,16,True,8536.913787128868,37759.5689356443,167,70,143
3083,fixed,max_error,16,16,True,8819.228130830576,38851.14065415283,177,84,0
3083,active,max_error,16,16,True,8731.349448021956,38141.747240109726,187,88,149
3084,fixed,max_error,14,14,True,8872.128390008687,39475.64195004339,165,82,0
3084,active,max_error,14,14,True,8555.496929396788,37597.4846469839,175,91,139
3085,fixed,max_error,10,10,True,6888.94080733344,29629.70403666718,162,103,0
3085,active,max_error,10,10,True,6915.303992107933,29576.519960539645,168,110,117
3086,fixed,max_error,11,11,True,7273.894955658954,31744.474778294752,155,95,0
3086,active,max_error,11,11,True,7308.894955658954,31744.474778294752,161,100,116
3087,fixed,max_error,14,14,True,8593.251710299863,38446.25855149929,153,69,0
3087,active,max_error,14,14,True,8216.019883891164,36260.09941945579,163,79,136
3088,fixed,max_error,13,13,True,7844.629834886709,34483.14917443352,160,83,0
3088,active,max_error,13,13,True,7845.63257273929,34228.16286369642,169,90,133
3089,fixed,max_error,11,11,True,7757.324898731604,34221.624493658,154,88,0
3089,active,max_error,11,11,True,7710.014776951807,33750.07388475902,162,95,123
3090,fixed,max_error,13,13,True,7997.124365798617,35390.621828993055,155,79,0
3090,active,max_error,13,13,True,7551.1011001236875,32905.50550061842,163,90,129
3091,fixed,max_error,11,11,True,7401.0621798102675,31960.310899051314,170,104,0
3091,active,max_error,11,11,True,7438.464786032013,31917.323930160044,178,110,126
3092,fixed,max_error,10,10,True,6914.963454011839,29599.817270059175,167,110,0
3092,active,max_error,10,10,True,6912.307116308349,29401.53558154172,173,117,116
3093,fixed,max_error,14,14,True,8772.107882502978,39400.539412514874,150,72,0
3093,active,max_error,14,14,True,8598.116206899207,38340.58103449601,156,80,128
3094,fixed,max_error,14,14,True,8262.279468462428,36666.397342312106,157,74,0
3094,active,max_error,14,14,True,8302.642225703878,36593.21112851937,167,79,136
3095,fixed,max_error,12,12,True,7821.547530662562,34462.7376533128,156,89,0
3095,active,max_error,12,12,True,7848.270892519496,34401.35446259747,163,93,123
3096,fixed,max_error,16,16,True,9527.341555448089,42906.70777724041,159,71,0
3096,active,max_error,16,16,True,9421.15504148921,42215.77520744602,164,78,136
3097,fixed,max_error,15,15,True,8848.217746454595,39391.08873227293,164,75,0
3097,active,max_error,15,15,True,8909.817183242052,39384.08591621021,176,78,145
3098,fixed,max_error,14,14,True,8670.232293520387,38506.161467601894,164,79,0
3098,active,max_error,14,14,True,8030.027213344947,34950.136066724706,176,90,142
3099,fixed,max_error,10,10,True,7108.145682997192,31110.728414985937,149,91,0
3099,active,max_error,10,10,True,7181.985088488056,31299.925442440275,155,97,112
